datetime,yaw,angular_velocity,linear_velocity 
17:12:11,3.729,-0.001,-6786.137 
17:12:17,3.944,-0.005,-33930.685 
17:12:23,4.395,-0.004,-27144.548 
17:12:29,4.608,0.002,13572.274 
17:12:35,3.814,-0.001,-6786.137 
17:12:40,3.026,0.001,6786.137 
17:12:47,3.033,0.001,6786.137 
17:12:53,3.027,-0.001,-6786.137 
17:12:58,3.032,0.001,6786.137 
17:13:04,3.062,0.005,33930.685 
17:13:10,3.08,0.003,20358.411 
17:13:16,3.086,0.001,6786.137 
17:13:23,3.114,0.004,27144.548 
17:13:29,3.138,0.004,27144.548 
17:13:36,3.145,0.001,6786.137 
17:13:43,3.173,0.004,27144.548 
17:13:49,3.185,0.002,13572.274 
17:13:55,3.215,0.005,33930.685 
17:14:01,3.221,0.001,6786.137 
17:14:06,3.226,0.001,6786.137 
17:14:12,3.244,0.003,20358.411 
17:14:18,3.274,0.005,33930.685 
17:14:23,3.289,0.003,20358.411 
17:14:29,3.295,0.001,6786.137 
17:14:35,3.313,0.003,20358.411 
17:14:42,3.341,0.004,27144.548 
17:14:47,3.346,0.001,6786.137 
17:14:52,3.351,0.001,6786.137 
17:14:59,3.358,0.001,6786.137 
17:15:06,3.386,0.004,27144.548 
17:15:11,3.401,0.003,20358.411 
17:15:18,3.436,0.005,33930.685 
17:15:24,3.424,-0.002,-13572.274 
17:15:29,3.429,0.001,6786.137 
17:15:34,3.434,0.001,6786.137 
17:15:39,3.429,-0.001,-6786.137 
17:15:44,3.424,-0.001,-6786.137 
17:15:49,3.419,-0.001,-6786.137 
17:15:54,3.429,0.002,13572.274 
17:16:01,3.443,0.002,13572.274 
17:16:07,3.449,0.001,6786.137 
17:16:13,3.437,-0.002,-13572.274 
17:16:19,3.443,0.001,6786.137 
17:16:25,3.449,0.001,6786.137 
17:16:30,3.454,0.001,6786.137 
17:16:35,3.474,0.004,27144.548 
17:16:41,3.48,0.001,6786.137 
17:16:47,3.504,0.004,27144.548 
17:16:53,3.51,0.001,6786.137 
17:16:59,3.516,0.001,6786.137 
17:17:05,3.534,0.003,20358.411 
17:17:10,3.539,0.001,6786.137 
17:17:16,3.563,0.004,27144.548 
17:17:22,3.545,-0.003,-20358.411 
17:17:27,3.54,-0.001,-6786.137 
17:17:32,3.545,0.001,6786.137 
17:17:38,3.551,0.001,6786.137 
17:17:45,3.558,0.001,6786.137 
17:17:51,3.564,0.001,6786.137 
17:17:56,3.559,-0.001,-6786.137 
17:18:03,3.538,-0.003,-20358.411 
17:18:08,3.543,0.001,6786.137 
17:18:13,3.538,-0.001,-6786.137 
17:18:20,3.545,0.001,6786.137 
17:18:25,3.55,0.001,6786.137 
17:18:30,3.555,0.001,6786.137 
17:18:36,3.585,0.005,33930.685 
17:18:42,3.591,0.001,6786.137 
17:18:47,3.581,-0.002,-13572.274 
17:18:53,3.587,0.001,6786.137 
17:19:00,3.594,0.001,6786.137 
17:19:05,3.599,0.001,6786.137 
17:19:11,3.593,-0.001,-6786.137 
17:19:16,3.588,-0.001,-6786.137 
17:19:21,3.593,0.001,6786.137 
17:19:26,3.598,0.001,6786.137 
17:19:31,3.623,0.005,33930.685 
17:19:37,3.647,0.004,27144.548 
17:19:44,3.654,0.001,6786.137 
17:19:51,3.689,0.005,33930.685 
17:19:57,3.719,0.005,33930.685 
17:20:04,3.726,0.001,6786.137 
17:20:10,3.732,0.001,6786.137 
17:20:17,3.711,-0.003,-20358.411 
17:20:24,3.718,0.001,6786.137 
17:20:31,3.725,0.001,6786.137 
17:20:37,3.731,0.001,6786.137 
17:20:42,3.736,0.001,6786.137 
17:20:47,3.741,0.001,6786.137 
17:20:52,3.746,0.001,6786.137 
17:20:58,3.776,0.005,33930.685 
17:21:05,3.783,0.001,6786.137 
17:21:11,3.795,0.002,13572.274 
17:21:18,3.802,0.001,6786.137 
17:21:23,3.807,0.001,6786.137 
17:21:30,3.835,0.004,27144.548 
17:21:36,3.841,0.001,6786.137 
17:21:41,3.856,0.003,20358.411 
17:21:47,3.862,0.001,6786.137 
17:21:52,3.872,0.002,13572.274 
17:21:59,3.858,-0.002,-13572.274 
17:22:04,3.863,0.001,6786.137 
17:22:09,3.868,0.001,6786.137 
17:22:14,3.873,0.001,6786.137 
17:22:20,3.861,-0.002,-13572.274 
17:22:25,3.866,0.001,6786.137 
17:22:30,3.891,0.005,33930.685 
17:22:36,3.897,0.001,6786.137 
17:22:41,3.912,0.003,20358.411 
17:22:46,3.927,0.003,20358.411 
17:22:53,3.934,0.001,6786.137 
17:22:59,3.94,0.001,6786.137 
17:23:05,3.922,-0.003,-20358.411 
17:23:11,3.928,0.001,6786.137 
17:23:18,3.942,0.002,13572.274 
17:23:23,3.947,0.001,6786.137 
17:23:28,3.972,0.005,33930.685 
17:23:34,3.978,0.001,6786.137 
17:23:41,3.985,0.001,6786.137 
17:23:47,3.979,-0.001,-6786.137 
17:23:52,3.994,0.003,20358.411 
17:23:58,4.006,0.002,13572.274 
17:24:03,4.011,0.001,6786.137 
17:24:08,4.016,0.001,6786.137 
17:24:14,4.034,0.003,20358.411 
17:24:20,4.022,-0.002,-13572.274 
17:24:25,4.032,0.002,13572.274 
17:24:30,4.037,0.001,6786.137 
17:24:37,4.023,-0.002,-13572.274 
17:24:43,4.017,-0.001,-6786.137 
17:24:48,4.022,0.001,6786.137 
17:24:54,4.04,0.003,20358.411 
17:25:00,4.046,0.001,6786.137 
17:25:05,4.051,0.001,6786.137 
17:25:11,4.039,-0.002,-13572.274 
17:25:16,4.059,0.004,27144.548 
17:25:22,4.065,0.001,6786.137 
17:25:27,4.055,-0.002,-13572.274 
17:25:33,4.085,0.005,33930.685 
17:25:40,4.092,0.001,6786.137 
17:25:45,4.112,0.004,27144.548 
17:25:52,4.147,0.005,33930.685 
17:25:59,4.168,0.003,20358.411 
17:26:05,4.174,0.001,6786.137 
17:26:11,4.18,0.001,6786.137 
17:26:16,4.185,0.001,6786.137 
17:26:21,4.19,0.001,6786.137 
17:26:28,4.197,0.001,6786.137 
17:26:33,4.207,0.002,13572.274 
17:26:38,4.227,0.004,27144.548 
17:26:43,4.232,0.001,6786.137 
17:26:49,4.238,0.001,6786.137 
17:26:54,4.258,0.004,27144.548 
17:27:01,4.279,0.003,20358.411 
17:27:08,4.307,0.004,27144.548 
17:27:15,4.314,0.001,6786.137 
17:27:21,4.32,0.001,6786.137 
17:27:27,4.344,0.004,27144.548 
17:27:32,4.334,-0.002,-13572.274 
17:27:37,4.349,0.003,20358.411 
17:27:44,4.377,0.004,27144.548 
17:27:51,4.391,0.002,13572.274 
17:27:58,4.398,0.001,6786.137 
17:28:04,4.422,0.004,27144.548 
17:28:11,4.429,0.001,6786.137 
17:28:16,4.444,0.003,20358.411 
17:28:21,4.469,0.005,33930.685 
17:28:26,4.484,0.003,20358.411 
17:28:33,4.491,0.001,6786.137 
17:28:39,4.479,-0.002,-13572.274 
17:28:44,4.484,0.001,6786.137 
17:28:51,4.477,-0.001,-6786.137 
17:28:57,4.483,0.001,6786.137 
17:29:02,4.488,0.001,6786.137 
17:29:08,4.494,0.001,6786.137 
17:29:15,4.501,0.001,6786.137 
17:29:21,4.507,0.001,6786.137 
17:29:26,4.502,-0.001,-6786.137 
17:29:32,4.514,0.002,13572.274 
17:29:37,4.519,0.001,6786.137 
17:29:43,4.501,-0.003,-20358.411 
17:29:50,4.508,0.001,6786.137 
17:29:57,4.515,0.001,6786.137 
17:30:04,4.522,0.001,6786.137 
17:30:09,4.512,-0.002,-13572.274 
17:30:14,4.517,0.001,6786.137 
17:30:20,4.523,0.001,6786.137 
17:30:27,4.53,0.001,6786.137 
17:30:32,4.555,0.005,33930.685 
17:30:37,4.55,-0.001,-6786.137 
17:30:42,4.555,0.001,6786.137 
17:30:48,4.585,0.005,33930.685 
17:30:54,4.603,0.003,20358.411 
17:31:01,4.589,-0.002,-13572.274 
17:31:06,4.584,-0.001,-6786.137 
17:31:13,4.57,-0.002,-13572.274 
17:31:19,4.576,0.001,6786.137 
17:31:24,4.581,0.001,6786.137 
17:31:29,4.586,0.001,6786.137 
17:31:34,4.591,0.001,6786.137 
17:31:39,4.581,-0.002,-13572.274 
17:31:45,4.587,0.001,6786.137 
17:31:51,4.575,-0.002,-13572.274 
17:31:56,4.6,0.005,33930.685 
17:32:01,4.585,-0.003,-20358.411 
17:32:07,4.591,0.001,6786.137 
17:32:12,4.606,0.003,20358.411 
17:32:19,4.613,0.001,6786.137 
17:32:26,4.62,0.001,6786.137 
17:32:31,4.625,0.001,6786.137 
17:32:37,4.631,0.001,6786.137 
17:32:44,4.638,0.001,6786.137 
17:32:49,4.623,-0.003,-20358.411 
17:32:56,4.658,0.005,33930.685 
17:33:03,4.665,0.001,6786.137 
17:33:08,4.67,0.001,6786.137 
17:33:13,4.675,0.001,6786.137 
17:33:18,4.68,0.001,6786.137 
17:33:23,4.675,-0.001,-6786.137 
17:33:29,4.693,0.003,20358.411 
17:33:34,4.698,0.001,6786.137 
17:33:40,4.704,0.001,6786.137 
17:33:46,4.71,0.001,6786.137 
17:33:51,4.715,0.001,6786.137 
17:33:57,4.721,0.001,6786.137 
17:34:02,4.731,0.002,13572.274 
17:34:07,4.746,0.003,20358.411 
17:34:14,4.753,0.001,6786.137 
17:34:20,4.759,0.001,6786.137 
17:34:25,4.764,0.001,6786.137 
17:34:31,4.77,0.001,6786.137 
17:34:37,4.758,-0.002,-13572.274 
17:34:44,4.786,0.004,27144.548 
17:34:49,4.806,0.004,27144.548 
17:34:55,4.812,0.001,6786.137 
17:35:01,4.818,0.001,6786.137 
17:35:07,4.812,-0.001,-6786.137 
17:35:12,4.837,0.005,33930.685 
17:35:17,4.847,0.002,13572.274 
17:35:23,4.853,0.001,6786.137 
17:35:28,4.858,0.001,6786.137 
17:35:33,4.868,0.002,13572.274 
17:35:38,4.863,-0.001,-6786.137 
17:35:44,4.851,-0.002,-13572.274 
17:35:50,4.881,0.005,33930.685 
17:35:56,4.899,0.003,20358.411 
17:36:03,4.906,0.001,6786.137 
17:36:09,4.888,-0.003,-20358.411 
17:36:14,4.873,-0.003,-20358.411 
17:36:20,4.879,0.001,6786.137 
17:36:27,4.886,0.001,6786.137 
17:36:32,4.891,0.001,6786.137 
17:36:39,4.898,0.001,6786.137 
17:36:45,4.904,0.001,6786.137 
17:36:51,4.898,-0.001,-6786.137 
17:36:56,4.888,-0.002,-13572.274 
17:37:02,4.894,0.001,6786.137 
17:37:08,4.9,0.001,6786.137 
17:37:13,4.905,0.001,6786.137 
17:37:19,4.935,0.005,33930.685 
17:37:25,4.929,-0.001,-6786.137 
17:37:31,4.935,0.001,6786.137 
17:37:36,4.94,0.001,6786.137 
17:37:42,4.964,0.004,27144.548 
17:37:48,4.97,0.001,6786.137 
17:37:54,4.976,0.001,6786.137 
17:38:00,4.958,-0.003,-20358.411 
17:38:05,4.963,0.001,6786.137 
17:38:11,4.969,0.001,6786.137 
17:38:17,4.975,0.001,6786.137 
17:38:22,4.98,0.001,6786.137 
17:38:29,4.994,0.002,13572.274 
17:38:34,4.999,0.001,6786.137 
17:38:39,5.024,0.005,33930.685 
17:38:46,5.059,0.005,33930.685 
17:38:51,5.064,0.001,6786.137 
17:38:58,5.071,0.001,6786.137 
17:39:05,5.092,0.003,20358.411 
17:39:10,5.087,-0.001,-6786.137 
17:39:17,5.073,-0.002,-13572.274 
17:39:23,5.103,0.005,33930.685 
17:39:28,5.108,0.001,6786.137 
17:39:34,5.09,-0.003,-20358.411 
17:39:39,5.105,0.003,20358.411 
17:39:45,5.111,0.001,6786.137 
17:39:52,5.118,0.001,6786.137 
17:39:57,5.138,0.004,27144.548 
17:40:02,5.158,0.004,27144.548 
17:40:09,5.165,0.001,6786.137 
17:40:15,5.171,0.001,6786.137 
17:40:22,5.178,0.001,6786.137 
17:40:29,5.185,0.001,6786.137 
17:40:36,5.192,0.001,6786.137 
17:40:43,5.199,0.001,6786.137 
17:40:49,5.205,0.001,6786.137 
17:40:55,5.211,0.001,6786.137 
17:41:00,5.216,0.001,6786.137 
17:41:06,5.222,0.001,6786.137 
17:41:12,5.228,0.001,6786.137 
17:41:19,5.235,0.001,6786.137 
17:41:24,5.24,0.001,6786.137 
17:41:31,5.219,-0.003,-20358.411 
17:41:37,5.225,0.001,6786.137 
17:41:44,5.232,0.001,6786.137 
17:41:49,5.237,0.001,6786.137 
17:41:54,5.232,-0.001,-6786.137 
17:42:00,5.25,0.003,20358.411 
17:42:05,5.255,0.001,6786.137 
17:42:10,5.26,0.001,6786.137 
17:42:17,5.267,0.001,6786.137 
17:42:22,5.272,0.001,6786.137 
17:42:28,5.278,0.001,6786.137 
17:42:34,5.26,-0.003,-20358.411 
17:42:40,5.266,0.001,6786.137 
17:42:45,5.276,0.002,13572.274 
17:42:51,5.3,0.004,27144.548 
17:42:56,5.305,0.001,6786.137 
17:43:01,5.31,0.001,6786.137 
17:43:06,5.33,0.004,27144.548 
17:43:11,5.335,0.001,6786.137 
17:43:18,5.342,0.001,6786.137 
17:43:23,5.347,0.001,6786.137 
17:43:29,5.353,0.001,6786.137 
17:43:35,5.359,0.001,6786.137 
17:43:40,5.364,0.001,6786.137 
17:43:46,5.346,-0.003,-20358.411 
17:43:51,5.371,0.005,33930.685 
17:43:57,5.389,0.003,20358.411 
17:44:03,5.395,0.001,6786.137 
17:44:09,5.413,0.003,20358.411 
17:44:15,5.425,0.002,13572.274 
17:44:20,5.415,-0.002,-13572.274 
17:44:26,5.421,0.001,6786.137 
17:44:31,5.441,0.004,27144.548 
17:44:38,5.469,0.004,27144.548 
17:44:43,5.454,-0.003,-20358.411 
17:44:49,5.472,0.003,20358.411 
17:44:54,5.482,0.002,13572.274 
17:45:00,5.464,-0.003,-20358.411 
17:45:05,5.469,0.001,6786.137 
17:45:12,5.448,-0.003,-20358.411 
17:45:19,5.455,0.001,6786.137 
17:45:25,5.461,0.001,6786.137 
17:45:32,5.482,0.003,20358.411 
17:45:38,5.488,0.001,6786.137 
17:45:43,5.513,0.005,33930.685 
17:45:50,5.548,0.005,33930.685 
17:45:57,5.555,0.001,6786.137 
17:46:02,5.58,0.005,33930.685 
17:46:07,5.565,-0.003,-20358.411 
17:46:14,5.593,0.004,27144.548 
17:46:20,5.587,-0.001,-6786.137 
17:46:25,5.597,0.002,13572.274 
17:46:31,5.603,0.001,6786.137 
17:46:37,5.609,0.001,6786.137 
17:46:42,5.594,-0.003,-20358.411 
17:46:48,5.6,0.001,6786.137 
17:46:53,5.61,0.002,13572.274 
17:46:58,5.635,0.005,33930.685 
17:47:03,5.66,0.005,33930.685 
17:47:10,5.653,-0.001,-6786.137 
17:47:16,5.659,0.001,6786.137 
17:47:21,5.664,0.001,6786.137 
17:47:27,5.688,0.004,27144.548 
17:47:34,5.695,0.001,6786.137 
17:47:39,5.7,0.001,6786.137 
17:47:46,5.735,0.005,33930.685 
17:47:52,5.741,0.001,6786.137 
17:47:58,5.747,0.001,6786.137 
17:48:03,5.752,0.001,6786.137 
17:48:09,5.758,0.001,6786.137 
17:48:15,5.764,0.001,6786.137 
17:48:20,5.769,0.001,6786.137 
17:48:25,5.774,0.001,6786.137 
17:48:30,5.794,0.004,27144.548 
17:48:35,5.799,0.001,6786.137 
17:48:41,5.805,0.001,6786.137 
17:48:46,5.82,0.003,20358.411 
17:48:53,5.813,-0.001,-6786.137 
17:48:59,5.819,0.001,6786.137 
17:49:06,5.847,0.004,27144.548 
17:49:12,5.871,0.004,27144.548 
17:49:17,5.881,0.002,13572.274 
17:49:23,5.887,0.001,6786.137 
17:49:28,5.892,0.001,6786.137 
17:49:33,5.887,-0.001,-6786.137 
17:49:38,5.902,0.003,20358.411 
17:49:45,5.909,0.001,6786.137 
17:49:52,5.916,0.001,6786.137 
17:49:57,5.901,-0.003,-20358.411 
17:50:02,5.911,0.002,13572.274 
17:50:08,5.941,0.005,33930.685 
17:50:13,5.946,0.001,6786.137 
17:50:19,5.958,0.002,13572.274 
17:50:24,5.978,0.004,27144.548 
17:50:31,5.985,0.001,6786.137 
17:50:36,5.995,0.002,13572.274 
17:50:41,6,0.001,6786.137 
17:50:46,6.005,0.001,6786.137 
17:50:51,6.01,0.001,6786.137 
17:50:57,6.016,0.001,6786.137 
17:51:02,6.001,-0.003,-20358.411 
17:51:07,6.021,0.004,27144.548 
17:51:13,6.027,0.001,6786.137 
17:51:18,6.042,0.003,20358.411 
17:51:23,6.067,0.005,33930.685 
17:51:29,6.049,-0.003,-20358.411 
17:51:34,6.074,0.005,33930.685 
17:51:41,6.081,0.001,6786.137 
17:51:48,6.067,-0.002,-13572.274 
17:51:54,6.091,0.004,27144.548 
17:51:59,6.116,0.005,33930.685 
17:52:06,6.109,-0.001,-6786.137 
17:52:11,6.099,-0.002,-13572.274 
17:52:17,6.105,0.001,6786.137 
17:52:23,6.129,0.004,27144.548 
17:52:30,6.157,0.004,27144.548 
17:52:35,6.172,0.003,20358.411 
17:52:40,6.177,0.001,6786.137 
17:52:47,6.184,0.001,6786.137 
17:52:52,6.189,0.001,6786.137 
17:52:59,6.196,0.001,6786.137 
17:53:05,6.202,0.001,6786.137 
17:53:12,6.209,0.001,6786.137 
17:53:17,6.219,0.002,13572.274 
17:53:22,6.224,0.001,6786.137 
17:53:27,6.229,0.001,6786.137 
17:53:33,6.235,0.001,6786.137 
17:53:39,6.241,0.001,6786.137 
17:53:45,6.247,0.001,6786.137 
17:53:50,6.267,0.004,27144.548 
17:53:55,6.252,-0.003,-20358.411 
17:54:00,6.267,0.003,20358.411 
17:54:06,6.273,0.001,6786.137 
17:54:12,6.297,0.004,27144.548 
17:54:18,6.321,0.004,27144.548 
17:54:24,6.327,0.001,6786.137 
17:54:31,6.32,-0.001,-6786.137 
17:54:37,6.338,0.003,20358.411 
17:54:42,6.353,0.003,20358.411 
17:54:48,6.359,0.001,6786.137 
17:54:54,6.365,0.001,6786.137 
17:55:01,6.372,0.001,6786.137 
17:55:06,6.387,0.003,20358.411 
17:55:11,6.392,0.001,6786.137 
17:55:18,6.42,0.004,27144.548 
17:55:24,6.426,0.001,6786.137 
17:55:29,6.441,0.003,20358.411 
17:55:36,6.455,0.002,13572.274 
17:55:41,6.48,0.005,33930.685 
17:55:48,6.487,0.001,6786.137 
17:55:54,6.475,-0.002,-13572.274 
17:56:00,6.463,-0.002,-13572.274 
17:56:06,6.475,0.002,13572.274 
17:56:12,6.481,0.001,6786.137 
17:56:17,6.496,0.003,20358.411 
17:56:23,6.484,-0.002,-13572.274 
17:56:29,6.49,0.001,6786.137 
17:56:35,6.472,-0.003,-20358.411 
17:56:40,6.477,0.001,6786.137 
17:56:45,6.487,0.002,13572.274 
17:56:52,6.522,0.005,33930.685 
17:56:58,6.528,0.001,6786.137 
17:57:04,6.552,0.004,27144.548 
17:57:09,6.557,0.001,6786.137 
17:57:16,6.564,0.001,6786.137 
17:57:22,6.582,0.003,20358.411 
17:57:29,6.589,0.001,6786.137 
17:57:34,6.604,0.003,20358.411 
17:57:39,6.594,-0.002,-13572.274 
17:57:45,6.588,-0.001,-6786.137 
17:57:51,6.606,0.003,20358.411 
17:57:58,6.634,0.004,27144.548 
17:58:03,6.639,0.001,6786.137 
17:58:08,6.644,0.001,6786.137 
17:58:13,6.649,0.001,6786.137 
17:58:19,6.661,0.002,13572.274 
17:58:24,6.666,0.001,6786.137 
17:58:29,6.671,0.001,6786.137 
17:58:36,6.685,0.002,13572.274 
17:58:42,6.703,0.003,20358.411 
17:58:48,6.709,0.001,6786.137 
17:58:55,6.716,0.001,6786.137 
17:59:02,6.709,-0.001,-6786.137 
17:59:08,6.721,0.002,13572.274 
17:59:14,6.727,0.001,6786.137 
17:59:21,6.734,0.001,6786.137 
17:59:27,6.752,0.003,20358.411 
17:59:33,6.734,-0.003,-20358.411 
17:59:40,6.713,-0.003,-20358.411 
17:59:45,6.733,0.004,27144.548 
17:59:52,6.768,0.005,33930.685 
17:59:57,6.773,0.001,6786.137 
18:00:02,6.763,-0.002,-13572.274 
18:00:07,6.748,-0.003,-20358.411 
18:00:13,6.754,0.001,6786.137 
18:00:20,6.775,0.003,20358.411 
18:00:27,6.789,0.002,13572.274 
18:00:32,6.794,0.001,6786.137 
18:00:38,6.8,0.001,6786.137 
18:00:44,6.806,0.001,6786.137 
18:00:51,6.813,0.001,6786.137 
18:00:57,6.819,0.001,6786.137 
18:01:03,6.825,0.001,6786.137 
18:01:09,6.843,0.003,20358.411 
18:01:16,6.871,0.004,27144.548 
18:01:21,6.876,0.001,6786.137 
18:01:28,6.883,0.001,6786.137 
18:01:33,6.888,0.001,6786.137 
18:01:39,6.876,-0.002,-13572.274 
18:01:45,6.858,-0.003,-20358.411 
18:01:50,6.863,0.001,6786.137 
18:01:57,6.87,0.001,6786.137 
18:02:02,6.855,-0.003,-20358.411 
18:02:08,6.861,0.001,6786.137 
18:02:14,6.867,0.001,6786.137 
18:02:19,6.892,0.005,33930.685 
18:02:24,6.877,-0.003,-20358.411 
18:02:29,6.882,0.001,6786.137 
18:02:34,6.902,0.004,27144.548 
18:02:40,6.908,0.001,6786.137 
18:02:46,6.896,-0.002,-13572.274 
18:02:52,6.926,0.005,33930.685 
18:02:59,6.919,-0.001,-6786.137 
18:03:05,6.913,-0.001,-6786.137 
18:03:11,6.919,0.001,6786.137 
18:03:17,6.925,0.001,6786.137 
18:03:23,6.937,0.002,13572.274 
18:03:28,6.942,0.001,6786.137 
18:03:34,6.936,-0.001,-6786.137 
18:03:39,6.931,-0.001,-6786.137 
18:03:44,6.916,-0.003,-20358.411 
18:03:49,6.901,-0.003,-20358.411 
18:03:54,6.891,-0.002,-13572.274 
18:04:01,6.912,0.003,20358.411 
18:04:08,6.919,0.001,6786.137 
18:04:14,6.925,0.001,6786.137 
18:04:20,6.907,-0.003,-20358.411 
18:04:25,6.912,0.001,6786.137 
18:04:30,6.917,0.001,6786.137 
18:04:36,6.899,-0.003,-20358.411 
18:04:42,6.923,0.004,27144.548 
18:04:47,6.928,0.001,6786.137 
18:04:52,6.933,0.001,6786.137 
18:04:59,6.94,0.001,6786.137 
18:05:05,6.946,0.001,6786.137 
18:05:12,6.953,0.001,6786.137 
18:05:18,6.959,0.001,6786.137 
18:05:24,6.965,0.001,6786.137 
18:05:30,6.971,0.001,6786.137 
18:05:37,6.978,0.001,6786.137 
18:05:42,6.983,0.001,6786.137 
18:05:48,6.989,0.001,6786.137 
18:05:55,6.996,0.001,6786.137 
18:06:00,7.001,0.001,6786.137 
18:06:06,6.989,-0.002,-13572.274 
18:06:11,6.994,0.001,6786.137 
18:06:17,7.018,0.004,27144.548 
18:06:22,7.023,0.001,6786.137 
18:06:27,7.028,0.001,6786.137 
18:06:33,7.016,-0.002,-13572.274 
18:06:39,7.04,0.004,27144.548 
18:06:46,7.047,0.001,6786.137 
18:06:51,7.052,0.001,6786.137 
18:06:58,7.059,0.001,6786.137 
18:07:03,7.049,-0.002,-13572.274 
18:07:09,7.055,0.001,6786.137 
18:07:15,7.061,0.001,6786.137 
18:07:21,7.067,0.001,6786.137 
18:07:28,7.074,0.001,6786.137 
18:07:35,7.06,-0.002,-13572.274 
18:07:40,7.07,0.002,13572.274 
18:07:46,7.1,0.005,33930.685 
18:07:51,7.105,0.001,6786.137 
18:07:57,7.123,0.003,20358.411 
18:08:02,7.128,0.001,6786.137 
18:08:09,7.135,0.001,6786.137 
18:08:14,7.13,-0.001,-6786.137 
18:08:19,7.125,-0.001,-6786.137 
18:08:24,7.14,0.003,20358.411 
18:08:30,7.158,0.003,20358.411 
18:08:35,7.183,0.005,33930.685 
18:08:40,7.188,0.001,6786.137 
18:08:47,7.195,0.001,6786.137 
18:08:52,7.215,0.004,27144.548 
18:08:57,7.22,0.001,6786.137 
18:09:03,7.25,0.005,33930.685 
18:09:09,7.256,0.001,6786.137 
18:09:15,7.262,0.001,6786.137 
18:09:20,7.257,-0.001,-6786.137 
18:09:25,7.272,0.003,20358.411 
18:09:31,7.284,0.002,13572.274 
18:09:36,7.289,0.001,6786.137 
18:09:41,7.284,-0.001,-6786.137 
18:09:47,7.29,0.001,6786.137 
18:09:53,7.308,0.003,20358.411 
18:09:58,7.313,0.001,6786.137 
18:10:03,7.318,0.001,6786.137 
18:10:10,7.297,-0.003,-20358.411 
18:10:16,7.303,0.001,6786.137 
18:10:23,7.31,0.001,6786.137 
18:10:28,7.305,-0.001,-6786.137 
18:10:35,7.291,-0.002,-13572.274 
18:10:41,7.279,-0.002,-13572.274 
18:10:46,7.299,0.004,27144.548 
18:10:52,7.305,0.001,6786.137 
18:10:57,7.31,0.001,6786.137 
18:11:03,7.316,0.001,6786.137 
18:11:08,7.321,0.001,6786.137 
18:11:13,7.326,0.001,6786.137 
18:11:20,7.319,-0.001,-6786.137 
18:11:25,7.334,0.003,20358.411 
18:11:32,7.341,0.001,6786.137 
18:11:37,7.356,0.003,20358.411 
18:11:42,7.361,0.001,6786.137 
18:11:47,7.356,-0.001,-6786.137 
18:11:54,7.363,0.001,6786.137 
18:12:01,7.37,0.001,6786.137 
18:12:07,7.352,-0.003,-20358.411 
18:12:12,7.377,0.005,33930.685 
18:12:19,7.356,-0.003,-20358.411 
18:12:25,7.362,0.001,6786.137 
18:12:31,7.368,0.001,6786.137 
18:12:36,7.373,0.001,6786.137 
18:12:41,7.398,0.005,33930.685 
18:12:47,7.404,0.001,6786.137 
18:12:52,7.409,0.001,6786.137 
18:12:59,7.402,-0.001,-6786.137 
18:13:06,7.43,0.004,27144.548 
18:13:11,7.435,0.001,6786.137 
18:13:16,7.425,-0.002,-13572.274 
18:13:21,7.43,0.001,6786.137 
18:13:27,7.436,0.001,6786.137 
18:13:32,7.456,0.004,27144.548 
18:13:39,7.463,0.001,6786.137 
18:13:44,7.468,0.001,6786.137 
18:13:50,7.474,0.001,6786.137 
18:13:55,7.479,0.001,6786.137 
18:14:00,7.484,0.001,6786.137 
18:14:05,7.489,0.001,6786.137 
18:14:10,7.474,-0.003,-20358.411 
18:14:16,7.456,-0.003,-20358.411 
18:14:23,7.463,0.001,6786.137 
18:14:29,7.469,0.001,6786.137 
18:14:36,7.462,-0.001,-6786.137 
18:14:43,7.469,0.001,6786.137 
18:14:50,7.455,-0.002,-13572.274 
18:14:56,7.443,-0.002,-13572.274 
18:15:02,7.431,-0.002,-13572.274 
18:15:09,7.459,0.004,27144.548 
18:15:15,7.489,0.005,33930.685 
18:15:20,7.514,0.005,33930.685 
18:15:25,7.534,0.004,27144.548 
18:15:31,7.546,0.002,13572.274 
18:15:37,7.576,0.005,33930.685 
18:15:44,7.611,0.005,33930.685 
18:15:51,7.618,0.001,6786.137 
18:15:56,7.643,0.005,33930.685 
18:16:02,7.649,0.001,6786.137 
18:16:08,7.655,0.001,6786.137 
18:16:13,7.66,0.001,6786.137 
18:16:20,7.646,-0.002,-13572.274 
18:16:26,7.628,-0.003,-20358.411 
18:16:33,7.656,0.004,27144.548 
18:16:39,7.686,0.005,33930.685 
18:16:44,7.711,0.005,33930.685 
18:16:49,7.696,-0.003,-20358.411 
18:16:54,7.721,0.005,33930.685 
18:17:00,7.751,0.005,33930.685 
18:17:05,7.761,0.002,13572.274 
18:17:11,7.767,0.001,6786.137 
18:17:16,7.772,0.001,6786.137 
18:17:22,7.778,0.001,6786.137 
18:17:28,7.802,0.004,27144.548 
18:17:35,7.788,-0.002,-13572.274 
18:17:41,7.794,0.001,6786.137 
18:17:48,7.801,0.001,6786.137 
18:17:54,7.807,0.001,6786.137 
18:17:59,7.812,0.001,6786.137 
18:18:05,7.836,0.004,27144.548 
18:18:10,7.841,0.001,6786.137 
18:18:17,7.862,0.003,20358.411 
18:18:22,7.867,0.001,6786.137 
18:18:28,7.891,0.004,27144.548 
18:18:33,7.901,0.002,13572.274 
18:18:39,7.919,0.003,20358.411 
18:18:45,7.925,0.001,6786.137 
18:18:52,7.96,0.005,33930.685 
18:18:59,7.967,0.001,6786.137 
18:19:04,7.982,0.003,20358.411 
18:19:09,7.997,0.003,20358.411 
18:19:15,8.009,0.002,13572.274 
18:19:21,8.015,0.001,6786.137 
18:19:27,8.039,0.004,27144.548 
18:19:33,8.045,0.001,6786.137 
18:19:40,8.052,0.001,6786.137 
18:19:46,8.064,0.002,13572.274 
18:19:53,8.085,0.003,20358.411 
18:19:59,8.097,0.002,13572.274 
18:20:06,8.083,-0.002,-13572.274 
18:20:12,8.107,0.004,27144.548 
18:20:17,8.112,0.001,6786.137 
18:20:24,8.119,0.001,6786.137 
18:20:29,8.104,-0.003,-20358.411 
18:20:36,8.125,0.003,20358.411 
18:20:42,8.131,0.001,6786.137 
18:20:49,8.138,0.001,6786.137 
18:20:55,8.156,0.003,20358.411 
18:21:00,8.176,0.004,27144.548 
18:21:06,8.182,0.001,6786.137 
18:21:11,8.172,-0.002,-13572.274 
18:21:16,8.167,-0.001,-6786.137 
18:21:22,8.173,0.001,6786.137 
18:21:28,8.167,-0.001,-6786.137 
18:21:33,8.187,0.004,27144.548 
18:21:39,8.205,0.003,20358.411 
18:21:44,8.21,0.001,6786.137 
18:21:50,8.216,0.001,6786.137 
18:21:56,8.234,0.003,20358.411 
18:22:03,8.241,0.001,6786.137 
18:22:08,8.236,-0.001,-6786.137 
18:22:14,8.242,0.001,6786.137 
18:22:21,8.256,0.002,13572.274 
18:22:28,8.27,0.002,13572.274 
18:22:34,8.276,0.001,6786.137 
18:22:39,8.281,0.001,6786.137 
18:22:45,8.287,0.001,6786.137 
18:22:51,8.305,0.003,20358.411 
18:22:56,8.3,-0.001,-6786.137 
18:23:03,8.328,0.004,27144.548 
18:23:08,8.333,0.001,6786.137 
18:23:14,8.315,-0.003,-20358.411 
18:23:20,8.333,0.003,20358.411 
18:23:26,8.339,0.001,6786.137 
18:23:31,8.334,-0.001,-6786.137 
18:23:36,8.349,0.003,20358.411 
18:23:43,8.356,0.001,6786.137 
18:23:49,8.35,-0.001,-6786.137 
18:23:55,8.368,0.003,20358.411 
18:24:01,8.374,0.001,6786.137 
18:24:07,8.38,0.001,6786.137 
18:24:12,8.385,0.001,6786.137 
18:24:18,8.367,-0.003,-20358.411 
18:24:24,8.379,0.002,13572.274 
18:24:30,8.391,0.002,13572.274 
18:24:36,8.397,0.001,6786.137 
18:24:43,8.411,0.002,13572.274 
18:24:48,8.416,0.001,6786.137 
18:24:55,8.444,0.004,27144.548 
18:25:01,8.426,-0.003,-20358.411 
18:25:06,8.431,0.001,6786.137 
18:25:11,8.446,0.003,20358.411 
18:25:16,8.466,0.004,27144.548 
18:25:22,8.472,0.001,6786.137 
18:25:28,8.478,0.001,6786.137 
18:25:34,8.502,0.004,27144.548 
18:25:39,8.492,-0.002,-13572.274 
18:25:45,8.498,0.001,6786.137 
18:25:51,8.486,-0.002,-13572.274 
18:25:56,8.511,0.005,33930.685 
18:26:02,8.535,0.004,27144.548 
18:26:09,8.514,-0.003,-20358.411 
18:26:15,8.52,0.001,6786.137 
18:26:21,8.502,-0.003,-20358.411 
18:26:26,8.497,-0.001,-6786.137 
18:26:32,8.521,0.004,27144.548 
18:26:39,8.528,0.001,6786.137 
18:26:45,8.516,-0.002,-13572.274 
18:26:52,8.523,0.001,6786.137 
18:26:59,8.509,-0.002,-13572.274 
18:27:05,8.515,0.001,6786.137 
18:27:11,8.521,0.001,6786.137 
18:27:17,8.533,0.002,13572.274 
18:27:23,8.539,0.001,6786.137 
18:27:28,8.554,0.003,20358.411 
18:27:34,8.56,0.001,6786.137 
18:27:39,8.575,0.003,20358.411 
18:27:45,8.569,-0.001,-6786.137 
18:27:52,8.576,0.001,6786.137 
18:27:57,8.581,0.001,6786.137 
18:28:04,8.588,0.001,6786.137 
18:28:09,8.608,0.004,27144.548 
18:28:15,8.59,-0.003,-20358.411 
18:28:21,8.596,0.001,6786.137 
18:28:27,8.602,0.001,6786.137 
18:28:33,8.584,-0.003,-20358.411 
18:28:39,8.596,0.002,13572.274 
18:28:45,8.602,0.001,6786.137 
18:28:50,8.597,-0.001,-6786.137 
18:28:57,8.604,0.001,6786.137 
18:29:03,8.61,0.001,6786.137 
18:29:09,8.622,0.002,13572.274 
18:29:15,8.604,-0.003,-20358.411 
18:29:20,8.609,0.001,6786.137 
18:29:26,8.615,0.001,6786.137 
18:29:31,8.635,0.004,27144.548 
18:29:38,8.642,0.001,6786.137 
18:29:45,8.635,-0.001,-6786.137 
18:29:51,8.641,0.001,6786.137 
18:29:58,8.648,0.001,6786.137 
18:30:03,8.663,0.003,20358.411 
18:30:09,8.681,0.003,20358.411 
18:30:15,8.705,0.004,27144.548 
18:30:20,8.73,0.005,33930.685 
18:30:25,8.745,0.003,20358.411 
18:30:32,8.752,0.001,6786.137 
18:30:38,8.74,-0.002,-13572.274 
18:30:45,8.754,0.002,13572.274 
18:30:50,8.744,-0.002,-13572.274 
18:30:56,8.75,0.001,6786.137 
18:31:01,8.755,0.001,6786.137 
18:31:06,8.76,0.001,6786.137 
18:31:12,8.766,0.001,6786.137 
18:31:18,8.772,0.001,6786.137 
18:31:23,8.787,0.003,20358.411 
18:31:29,8.793,0.001,6786.137 
18:31:35,8.799,0.001,6786.137 
18:31:42,8.806,0.001,6786.137 
18:31:47,8.811,0.001,6786.137 
18:31:52,8.831,0.004,27144.548 
18:31:58,8.855,0.004,27144.548 
18:32:03,8.88,0.005,33930.685 
18:32:09,8.886,0.001,6786.137 
18:32:14,8.891,0.001,6786.137 
18:32:19,8.916,0.005,33930.685 
18:32:24,8.901,-0.003,-20358.411 
18:32:29,8.921,0.004,27144.548 
18:32:34,8.926,0.001,6786.137 
18:32:39,8.921,-0.001,-6786.137 
18:32:44,8.911,-0.002,-13572.274 
18:32:51,8.904,-0.001,-6786.137 
18:32:58,8.925,0.003,20358.411 
18:33:05,8.932,0.001,6786.137 
18:33:12,8.939,0.001,6786.137 
18:33:19,8.946,0.001,6786.137 
18:33:25,8.928,-0.003,-20358.411 
18:33:30,8.933,0.001,6786.137 
18:33:35,8.948,0.003,20358.411 
18:33:42,8.955,0.001,6786.137 
18:33:48,8.961,0.001,6786.137 
18:33:54,8.979,0.003,20358.411 
18:33:59,8.984,0.001,6786.137 
18:34:04,8.989,0.001,6786.137 
18:34:10,8.971,-0.003,-20358.411 
18:34:16,8.977,0.001,6786.137 
18:34:21,8.992,0.003,20358.411 
18:34:27,8.974,-0.003,-20358.411 
18:34:34,8.981,0.001,6786.137 
18:34:39,8.986,0.001,6786.137 
18:34:45,9.016,0.005,33930.685 
18:34:50,9.026,0.002,13572.274 
18:34:55,9.031,0.001,6786.137 
18:35:02,9.01,-0.003,-20358.411 
18:35:08,9.016,0.001,6786.137 
18:35:15,9.023,0.001,6786.137 
18:35:21,9.029,0.001,6786.137 
18:35:27,9.041,0.002,13572.274 
18:35:32,9.046,0.001,6786.137 
18:35:38,9.052,0.001,6786.137 
18:35:45,9.066,0.002,13572.274 
18:35:52,9.073,0.001,6786.137 
18:35:57,9.078,0.001,6786.137 
18:36:03,9.09,0.002,13572.274 
18:36:09,9.096,0.001,6786.137 
18:36:15,9.102,0.001,6786.137 
18:36:20,9.107,0.001,6786.137 
18:36:25,9.112,0.001,6786.137 
18:36:32,9.119,0.001,6786.137 
18:36:37,9.144,0.005,33930.685 
18:36:43,9.138,-0.001,-6786.137 
18:36:49,9.144,0.001,6786.137 
18:36:54,9.149,0.001,6786.137 
18:36:59,9.169,0.004,27144.548 
18:37:06,9.162,-0.001,-6786.137 
18:37:11,9.167,0.001,6786.137 
18:37:16,9.157,-0.002,-13572.274 
18:37:22,9.139,-0.003,-20358.411 
18:37:29,9.125,-0.002,-13572.274 
18:37:35,9.143,0.003,20358.411 
18:37:41,9.167,0.004,27144.548 
18:37:46,9.172,0.001,6786.137 
18:37:52,9.16,-0.002,-13572.274 
18:37:57,9.165,0.001,6786.137 
18:38:03,9.159,-0.001,-6786.137 
18:38:09,9.153,-0.001,-6786.137 
18:38:15,9.159,0.001,6786.137 
18:38:20,9.164,0.001,6786.137 
18:38:25,9.174,0.002,13572.274 
18:38:31,9.18,0.001,6786.137 
18:38:37,9.204,0.004,27144.548 
18:38:43,9.228,0.004,27144.548 
18:38:49,9.24,0.002,13572.274 
18:38:56,9.233,-0.001,-6786.137 
18:39:01,9.248,0.003,20358.411 
18:39:07,9.254,0.001,6786.137 
18:39:12,9.279,0.005,33930.685 
18:39:18,9.267,-0.002,-13572.274 
18:39:24,9.297,0.005,33930.685 
18:39:30,9.321,0.004,27144.548 
18:39:36,9.315,-0.001,-6786.137 
18:39:41,9.325,0.002,13572.274 
18:39:48,9.318,-0.001,-6786.137 
18:39:54,9.312,-0.001,-6786.137 
18:40:01,9.319,0.001,6786.137 
18:40:07,9.325,0.001,6786.137 
18:40:14,9.332,0.001,6786.137 
18:40:19,9.327,-0.001,-6786.137 
18:40:26,9.306,-0.003,-20358.411 
18:40:32,9.33,0.004,27144.548 
18:40:38,9.318,-0.002,-13572.274 
18:40:44,9.33,0.002,13572.274 
18:40:51,9.337,0.001,6786.137 
18:40:57,9.361,0.004,27144.548 
18:41:02,9.371,0.002,13572.274 
18:41:07,9.386,0.003,20358.411 
18:41:13,9.404,0.003,20358.411 
18:41:19,9.428,0.004,27144.548 
18:41:24,9.453,0.005,33930.685 
18:41:29,9.458,0.001,6786.137 
18:41:34,9.463,0.001,6786.137 
18:41:39,9.458,-0.001,-6786.137 
18:41:44,9.463,0.001,6786.137 
18:41:50,9.469,0.001,6786.137 
18:41:56,9.475,0.001,6786.137 
18:42:01,9.48,0.001,6786.137 
18:42:06,9.485,0.001,6786.137 
18:42:12,9.497,0.002,13572.274 
18:42:18,9.503,0.001,6786.137 
18:42:23,9.513,0.002,13572.274 
18:42:29,9.519,0.001,6786.137 
18:42:35,9.525,0.001,6786.137 
18:42:42,9.518,-0.001,-6786.137 
18:42:48,9.5,-0.003,-20358.411 
18:42:55,9.507,0.001,6786.137 
18:43:01,9.495,-0.002,-13572.274 
18:43:07,9.483,-0.002,-13572.274 
18:43:12,9.508,0.005,33930.685 
18:43:19,9.515,0.001,6786.137 
18:43:25,9.521,0.001,6786.137 
18:43:30,9.506,-0.003,-20358.411 
18:43:35,9.511,0.001,6786.137 
18:43:40,9.496,-0.003,-20358.411 
18:43:45,9.501,0.001,6786.137 
18:43:51,9.507,0.001,6786.137 
18:43:58,9.486,-0.003,-20358.411 
18:44:05,9.479,-0.001,-6786.137 
18:44:11,9.485,0.001,6786.137 
18:44:17,9.491,0.001,6786.137 
18:44:23,9.497,0.001,6786.137 
18:44:30,9.504,0.001,6786.137 
18:44:35,9.509,0.001,6786.137 
18:44:42,9.516,0.001,6786.137 
18:44:48,9.522,0.001,6786.137 
18:44:55,9.529,0.001,6786.137 
18:45:02,9.536,0.001,6786.137 
18:45:08,9.542,0.001,6786.137 
18:45:14,9.548,0.001,6786.137 
18:45:21,9.555,0.001,6786.137 
18:45:26,9.575,0.004,27144.548 
18:45:31,9.58,0.001,6786.137 
18:45:36,9.585,0.001,6786.137 
18:45:42,9.591,0.001,6786.137 
18:45:47,9.596,0.001,6786.137 
18:45:53,9.578,-0.003,-20358.411 
18:45:59,9.596,0.003,20358.411 
18:46:05,9.608,0.002,13572.274 
18:46:11,9.596,-0.002,-13572.274 
18:46:16,9.601,0.001,6786.137 
18:46:22,9.631,0.005,33930.685 
18:46:29,9.645,0.002,13572.274 
18:46:36,9.624,-0.003,-20358.411 
18:46:43,9.603,-0.003,-20358.411 
18:46:50,9.61,0.001,6786.137 
18:46:55,9.6,-0.002,-13572.274 
18:47:01,9.606,0.001,6786.137 
18:47:06,9.616,0.002,13572.274 
18:47:12,9.598,-0.003,-20358.411 
18:47:17,9.593,-0.001,-6786.137 
18:47:23,9.599,0.001,6786.137 
18:47:30,9.606,0.001,6786.137 
18:47:36,9.594,-0.002,-13572.274 
18:47:42,9.582,-0.002,-13572.274 
18:47:48,9.6,0.003,20358.411 
18:47:55,9.607,0.001,6786.137 
18:48:01,9.619,0.002,13572.274 
18:48:06,9.609,-0.002,-13572.274 
18:48:11,9.594,-0.003,-20358.411 
18:48:17,9.618,0.004,27144.548 
18:48:22,9.613,-0.001,-6786.137 
18:48:28,9.619,0.001,6786.137 
18:48:33,9.624,0.001,6786.137 
18:48:39,9.606,-0.003,-20358.411 
18:48:45,9.612,0.001,6786.137 
18:48:51,9.624,0.002,13572.274 
18:48:58,9.631,0.001,6786.137 
18:49:03,9.656,0.005,33930.685 
18:49:08,9.681,0.005,33930.685 
18:49:15,9.688,0.001,6786.137 
18:49:21,9.694,0.001,6786.137 
18:49:26,9.699,0.001,6786.137 
18:49:32,9.711,0.002,13572.274 
18:49:39,9.718,0.001,6786.137 
18:49:44,9.733,0.003,20358.411 
18:49:50,9.721,-0.002,-13572.274 
18:49:55,9.726,0.001,6786.137 
18:50:02,9.747,0.003,20358.411 
18:50:08,9.759,0.002,13572.274 
18:50:15,9.766,0.001,6786.137 
18:50:21,9.772,0.001,6786.137 
18:50:26,9.777,0.001,6786.137 
18:50:31,9.782,0.001,6786.137 
18:50:36,9.807,0.005,33930.685 
18:50:42,9.825,0.003,20358.411 
18:50:48,9.831,0.001,6786.137 
18:50:53,9.816,-0.003,-20358.411 
18:50:59,9.84,0.004,27144.548 
18:51:06,9.847,0.001,6786.137 
18:51:12,9.853,0.001,6786.137 
18:51:18,9.859,0.001,6786.137 
18:51:23,9.864,0.001,6786.137 
18:51:28,9.869,0.001,6786.137 
18:51:34,9.857,-0.002,-13572.274 
18:51:39,9.842,-0.003,-20358.411 
18:51:45,9.848,0.001,6786.137 
18:51:50,9.863,0.003,20358.411 
18:51:56,9.869,0.001,6786.137 
18:52:01,9.879,0.002,13572.274 
18:52:06,9.884,0.001,6786.137 
18:52:12,9.878,-0.001,-6786.137 
18:52:18,9.884,0.001,6786.137 
18:52:23,9.894,0.002,13572.274 
18:52:28,9.899,0.001,6786.137 
18:52:35,9.878,-0.003,-20358.411 
18:52:40,9.883,0.001,6786.137 
18:52:47,9.89,0.001,6786.137 
18:52:54,9.911,0.003,20358.411 
18:52:59,9.926,0.003,20358.411 
18:53:06,9.933,0.001,6786.137 
18:53:13,9.926,-0.001,-6786.137 
18:53:19,9.932,0.001,6786.137 
18:53:26,9.911,-0.003,-20358.411 
18:53:31,9.916,0.001,6786.137 
18:53:36,9.921,0.001,6786.137 
18:53:41,9.911,-0.002,-13572.274 
18:53:46,9.916,0.001,6786.137 
18:53:51,9.921,0.001,6786.137 
18:53:58,9.928,0.001,6786.137 
18:54:04,9.922,-0.001,-6786.137 
18:54:10,9.928,0.001,6786.137 
18:54:15,9.938,0.002,13572.274 
18:54:22,9.973,0.005,33930.685 
18:54:27,9.978,0.001,6786.137 
18:54:34,9.985,0.001,6786.137 
18:54:39,9.99,0.001,6786.137 
18:54:44,9.995,0.001,6786.137 
18:54:51,9.974,-0.003,-20358.411 
18:54:57,9.968,-0.001,-6786.137 
18:55:02,9.973,0.001,6786.137 
18:55:07,9.983,0.002,13572.274 
18:55:12,9.988,0.001,6786.137 
18:55:17,9.993,0.001,6786.137 
18:55:23,9.999,0.001,6786.137 
18:55:29,10.005,0.001,6786.137 
18:55:35,10.017,0.002,13572.274 
18:55:42,10.024,0.001,6786.137 
18:55:47,10.034,0.002,13572.274 
18:55:52,10.029,-0.001,-6786.137 
18:55:57,10.019,-0.002,-13572.274 
18:56:03,10.025,0.001,6786.137 
18:56:08,10.03,0.001,6786.137 
18:56:13,10.035,0.001,6786.137 
18:56:20,10.042,0.001,6786.137 
18:56:26,10.048,0.001,6786.137 
18:56:31,10.038,-0.002,-13572.274 
18:56:36,10.063,0.005,33930.685 
18:56:43,10.091,0.004,27144.548 
18:56:48,10.096,0.001,6786.137 
18:56:55,10.103,0.001,6786.137 
18:57:02,10.11,0.001,6786.137 
18:57:09,10.124,0.002,13572.274 
18:57:14,10.129,0.001,6786.137 
18:57:19,10.134,0.001,6786.137 
18:57:25,10.14,0.001,6786.137 
18:57:30,10.135,-0.001,-6786.137 
18:57:36,10.159,0.004,27144.548 
18:57:41,10.184,0.005,33930.685 
18:57:48,10.191,0.001,6786.137 
18:57:54,10.221,0.005,33930.685 
18:58:01,10.207,-0.002,-13572.274 
18:58:06,10.212,0.001,6786.137 
18:58:11,10.232,0.004,27144.548 
18:58:17,10.238,0.001,6786.137 
18:58:22,10.243,0.001,6786.137 
18:58:27,10.263,0.004,27144.548 
18:58:33,10.287,0.004,27144.548 
18:58:39,10.317,0.005,33930.685 
18:58:45,10.347,0.005,33930.685 
18:58:51,10.341,-0.001,-6786.137 
18:58:56,10.331,-0.002,-13572.274 
18:59:03,10.338,0.001,6786.137 
18:59:09,10.344,0.001,6786.137 
18:59:14,10.349,0.001,6786.137 
18:59:19,10.374,0.005,33930.685 
18:59:24,10.379,0.001,6786.137 
18:59:30,10.403,0.004,27144.548 
18:59:35,10.423,0.004,27144.548 
18:59:40,10.428,0.001,6786.137 
18:59:46,10.416,-0.002,-13572.274 
18:59:52,10.422,0.001,6786.137 
18:59:58,10.428,0.001,6786.137 
19:00:04,10.452,0.004,27144.548 
19:00:09,10.457,0.001,6786.137 
19:00:16,10.45,-0.001,-6786.137 
19:00:22,10.456,0.001,6786.137 
19:00:27,10.461,0.001,6786.137 
19:00:33,10.467,0.001,6786.137 
19:00:39,10.473,0.001,6786.137 
19:00:44,10.483,0.002,13572.274 
19:00:50,10.489,0.001,6786.137 
19:00:57,10.496,0.001,6786.137 
19:01:02,10.521,0.005,33930.685 
19:01:08,10.533,0.002,13572.274 
19:01:15,10.54,0.001,6786.137 
19:01:22,10.547,0.001,6786.137 
19:01:27,10.552,0.001,6786.137 
19:01:32,10.557,0.001,6786.137 
19:01:38,10.563,0.001,6786.137 
19:01:45,10.598,0.005,33930.685 
19:01:51,10.604,0.001,6786.137 
19:01:57,10.61,0.001,6786.137 
19:02:03,10.616,0.001,6786.137 
19:02:10,10.595,-0.003,-20358.411 
19:02:15,10.62,0.005,33930.685 
19:02:20,10.625,0.001,6786.137 
19:02:26,10.619,-0.001,-6786.137 
19:02:33,10.626,0.001,6786.137 
19:02:39,10.638,0.002,13572.274 
19:02:45,10.668,0.005,33930.685 
19:02:52,10.675,0.001,6786.137 
19:02:59,10.689,0.002,13572.274 
19:03:05,10.713,0.004,27144.548 
19:03:11,10.719,0.001,6786.137 
19:03:16,10.714,-0.001,-6786.137 
19:03:21,10.719,0.001,6786.137 
19:03:27,10.725,0.001,6786.137 
19:03:32,10.74,0.003,20358.411 
19:03:39,10.747,0.001,6786.137 
19:03:46,10.754,0.001,6786.137 
19:03:51,10.759,0.001,6786.137 
19:03:56,10.764,0.001,6786.137 
19:04:01,10.769,0.001,6786.137 
19:04:07,10.775,0.001,6786.137 
19:04:13,10.787,0.002,13572.274 
19:04:20,10.794,0.001,6786.137 
19:04:26,10.8,0.001,6786.137 
19:04:32,10.806,0.001,6786.137 
19:04:37,10.811,0.001,6786.137 
19:04:43,10.799,-0.002,-13572.274 
19:04:49,10.817,0.003,20358.411 
19:04:54,10.822,0.001,6786.137 
19:04:59,10.827,0.001,6786.137 
19:05:04,10.832,0.001,6786.137 
19:05:10,10.838,0.001,6786.137 
19:05:15,10.848,0.002,13572.274 
19:05:20,10.843,-0.001,-6786.137 
19:05:26,10.849,0.001,6786.137 
19:05:32,10.855,0.001,6786.137 
19:05:37,10.86,0.001,6786.137 
19:05:42,10.865,0.001,6786.137 
19:05:47,10.86,-0.001,-6786.137 
19:05:53,10.848,-0.002,-13572.274 
19:05:58,10.853,0.001,6786.137 
19:06:03,10.878,0.005,33930.685 
19:06:10,10.906,0.004,27144.548 
19:06:16,10.918,0.002,13572.274 
19:06:21,10.923,0.001,6786.137 
19:06:26,10.928,0.001,6786.137 
19:06:32,10.958,0.005,33930.685 
19:06:37,10.963,0.001,6786.137 
19:06:42,10.968,0.001,6786.137 
19:06:47,10.973,0.001,6786.137 
19:06:52,10.978,0.001,6786.137 
19:06:58,10.984,0.001,6786.137 
19:07:04,10.99,0.001,6786.137 
19:07:09,11.015,0.005,33930.685 
19:07:15,11.021,0.001,6786.137 
19:07:20,11.026,0.001,6786.137 
19:07:26,11.014,-0.002,-13572.274 
19:07:32,11.032,0.003,20358.411 
19:07:38,11.044,0.002,13572.274 
19:07:45,11.051,0.001,6786.137 
19:07:52,11.03,-0.003,-20358.411 
19:07:57,11.04,0.002,13572.274 
19:08:03,11.046,0.001,6786.137 
19:08:08,11.051,0.001,6786.137 
19:08:13,11.041,-0.002,-13572.274 
19:08:18,11.046,0.001,6786.137 
19:08:24,11.052,0.001,6786.137 
19:08:30,11.034,-0.003,-20358.411 
19:08:36,11.052,0.003,20358.411 
19:08:42,11.058,0.001,6786.137 
19:08:47,11.063,0.001,6786.137 
19:08:52,11.053,-0.002,-13572.274 
19:08:58,11.059,0.001,6786.137 
19:09:03,11.064,0.001,6786.137 
19:09:09,11.07,0.001,6786.137 
19:09:15,11.088,0.003,20358.411 
19:09:20,11.113,0.005,33930.685 
19:09:25,11.098,-0.003,-20358.411 
19:09:31,11.128,0.005,33930.685 
19:09:37,11.122,-0.001,-6786.137 
19:09:42,11.127,0.001,6786.137 
19:09:49,11.134,0.001,6786.137 
19:09:54,11.124,-0.002,-13572.274 
19:09:59,11.134,0.002,13572.274 
19:10:06,11.141,0.001,6786.137 
19:10:13,11.148,0.001,6786.137 
19:10:19,11.154,0.001,6786.137 
19:10:25,11.148,-0.001,-6786.137 
19:10:31,11.136,-0.002,-13572.274 
19:10:37,11.142,0.001,6786.137 
19:10:43,11.148,0.001,6786.137 
19:10:49,11.154,0.001,6786.137 
19:10:54,11.169,0.003,20358.411 
19:10:59,11.154,-0.003,-20358.411 
19:11:06,11.133,-0.003,-20358.411 
19:11:12,11.145,0.002,13572.274 
19:11:17,11.15,0.001,6786.137 
19:11:22,11.155,0.001,6786.137 
19:11:28,11.161,0.001,6786.137 
19:11:33,11.166,0.001,6786.137 
19:11:39,11.172,0.001,6786.137 
19:11:45,11.16,-0.002,-13572.274 
19:11:51,11.19,0.005,33930.685 
19:11:56,11.195,0.001,6786.137 
19:12:02,11.201,0.001,6786.137 
19:12:08,11.207,0.001,6786.137 
19:12:13,11.212,0.001,6786.137 
19:12:19,11.218,0.001,6786.137 
19:12:24,11.223,0.001,6786.137 
19:12:29,11.228,0.001,6786.137 
19:12:34,11.238,0.002,13572.274 
19:12:40,11.244,0.001,6786.137 
19:12:46,11.25,0.001,6786.137 
19:12:51,11.235,-0.003,-20358.411 
19:12:56,11.24,0.001,6786.137 
19:13:01,11.245,0.001,6786.137 
19:13:07,11.251,0.001,6786.137 
19:13:13,11.239,-0.002,-13572.274 
19:13:18,11.244,0.001,6786.137 
19:13:23,11.229,-0.003,-20358.411 
19:13:30,11.208,-0.003,-20358.411 
19:13:36,11.238,0.005,33930.685 
19:13:41,11.233,-0.001,-6786.137 
19:13:46,11.253,0.004,27144.548 
19:13:52,11.277,0.004,27144.548 
19:13:57,11.282,0.001,6786.137 
19:14:03,11.27,-0.002,-13572.274 
19:14:09,11.276,0.001,6786.137 
19:14:15,11.306,0.005,33930.685 
19:14:20,11.291,-0.003,-20358.411 
19:14:26,11.297,0.001,6786.137 
19:14:31,11.302,0.001,6786.137 
19:14:36,11.307,0.001,6786.137 
19:14:41,11.327,0.004,27144.548 
19:14:46,11.352,0.005,33930.685 
19:14:51,11.337,-0.003,-20358.411 
19:14:57,11.367,0.005,33930.685 
19:15:02,11.372,0.001,6786.137 
19:15:08,11.402,0.005,33930.685 
19:15:14,11.408,0.001,6786.137 
19:15:19,11.413,0.001,6786.137 
19:15:24,11.403,-0.002,-13572.274 
19:15:31,11.382,-0.003,-20358.411 
19:15:36,11.392,0.002,13572.274 
19:15:41,11.397,0.001,6786.137 
19:15:46,11.402,0.001,6786.137 
19:15:53,11.409,0.001,6786.137 
19:16:00,11.444,0.005,33930.685 
19:16:06,11.45,0.001,6786.137 
19:16:11,11.455,0.001,6786.137 
19:16:16,11.46,0.001,6786.137 
19:16:21,11.465,0.001,6786.137 
19:16:27,11.471,0.001,6786.137 
19:16:34,11.478,0.001,6786.137 
19:16:40,11.472,-0.001,-6786.137 
19:16:46,11.454,-0.003,-20358.411 
19:16:52,11.46,0.001,6786.137 
19:16:57,11.445,-0.003,-20358.411 
19:17:04,11.438,-0.001,-6786.137 
19:17:10,11.444,0.001,6786.137 
19:17:16,11.45,0.001,6786.137 
19:17:22,11.468,0.003,20358.411 
19:17:27,11.458,-0.002,-13572.274 
19:17:33,11.47,0.002,13572.274 
19:17:38,11.475,0.001,6786.137 
19:17:43,11.48,0.001,6786.137 
19:17:49,11.492,0.002,13572.274 
19:17:54,11.497,0.001,6786.137 
19:17:59,11.502,0.001,6786.137 
19:18:04,11.527,0.005,33930.685 
19:18:09,11.532,0.001,6786.137 
19:18:14,11.537,0.001,6786.137 
19:18:19,11.542,0.001,6786.137 
19:18:24,11.547,0.001,6786.137 
19:18:30,11.535,-0.002,-13572.274 
19:18:35,11.54,0.001,6786.137 
19:18:40,11.545,0.001,6786.137 
19:18:47,11.58,0.005,33930.685 
19:18:52,11.585,0.001,6786.137 
19:18:59,11.592,0.001,6786.137 
19:19:06,11.599,0.001,6786.137 
19:19:11,11.604,0.001,6786.137 
19:19:16,11.609,0.001,6786.137 
19:19:22,11.615,0.001,6786.137 
19:19:28,11.621,0.001,6786.137 
19:19:34,11.609,-0.002,-13572.274 
19:19:40,11.615,0.001,6786.137 
19:19:46,11.621,0.001,6786.137 
19:19:52,11.609,-0.002,-13572.274 
19:19:57,11.599,-0.002,-13572.274 
19:20:03,11.629,0.005,33930.685 
19:20:09,11.635,0.001,6786.137 
19:20:15,11.641,0.001,6786.137 
19:20:20,11.636,-0.001,-6786.137 
19:20:25,11.641,0.001,6786.137 
19:20:31,11.647,0.001,6786.137 
19:20:36,11.652,0.001,6786.137 
19:20:43,11.659,0.001,6786.137 
19:20:50,11.666,0.001,6786.137 
19:20:55,11.651,-0.003,-20358.411 
19:21:02,11.672,0.003,20358.411 
19:21:07,11.697,0.005,33930.685 
19:21:13,11.703,0.001,6786.137 
19:21:19,11.685,-0.003,-20358.411 
19:21:25,11.679,-0.001,-6786.137 
19:21:30,11.684,0.001,6786.137 
19:21:35,11.689,0.001,6786.137 
19:21:41,11.683,-0.001,-6786.137 
19:21:47,11.689,0.001,6786.137 
19:21:52,11.694,0.001,6786.137 
19:21:58,11.7,0.001,6786.137 
19:22:04,11.724,0.004,27144.548 
19:22:10,11.736,0.002,13572.274 
19:22:16,11.742,0.001,6786.137 
19:22:22,11.748,0.001,6786.137 
19:22:27,11.753,0.001,6786.137 
19:22:32,11.758,0.001,6786.137 
19:22:38,11.746,-0.002,-13572.274 
19:22:43,11.751,0.001,6786.137 
19:22:50,11.786,0.005,33930.685 
19:22:57,11.793,0.001,6786.137 
19:23:03,11.799,0.001,6786.137 
19:23:09,11.793,-0.001,-6786.137 
19:23:15,11.799,0.001,6786.137 
19:23:21,11.805,0.001,6786.137 
19:23:27,11.811,0.001,6786.137 
19:23:32,11.826,0.003,20358.411 
19:23:38,11.844,0.003,20358.411 
19:23:43,11.869,0.005,33930.685 
19:23:48,11.874,0.001,6786.137 
19:23:54,11.898,0.004,27144.548 
19:23:59,11.903,0.001,6786.137 
19:24:05,11.927,0.004,27144.548 
19:24:11,11.933,0.001,6786.137 
19:24:17,11.915,-0.003,-20358.411 
19:24:23,11.939,0.004,27144.548 
19:24:28,11.959,0.004,27144.548 
19:24:34,11.941,-0.003,-20358.411 
19:24:39,11.936,-0.001,-6786.137 
19:24:44,11.941,0.001,6786.137 
19:24:51,11.948,0.001,6786.137 
19:24:56,11.953,0.001,6786.137 
19:25:01,11.958,0.001,6786.137 
19:25:06,11.978,0.004,27144.548 
19:25:13,11.985,0.001,6786.137 
19:25:19,11.991,0.001,6786.137 
19:25:24,12.006,0.003,20358.411 
19:25:29,12.011,0.001,6786.137 
19:25:34,12.001,-0.002,-13572.274 
19:25:40,12.007,0.001,6786.137 
19:25:45,12.012,0.001,6786.137 
19:25:51,12.018,0.001,6786.137 
19:25:57,12.024,0.001,6786.137 
19:26:03,12.012,-0.002,-13572.274 
19:26:09,12.018,0.001,6786.137 
19:26:14,12.023,0.001,6786.137 
19:26:19,12.028,0.001,6786.137 
19:26:25,12.01,-0.003,-20358.411 
19:26:32,12.017,0.001,6786.137 
19:26:38,12.023,0.001,6786.137 
19:26:43,12.028,0.001,6786.137 
19:26:49,12.052,0.004,27144.548 
19:26:55,12.058,0.001,6786.137 
19:27:01,12.064,0.001,6786.137 
19:27:06,12.069,0.001,6786.137 
19:27:11,12.059,-0.002,-13572.274 
19:27:16,12.064,0.001,6786.137 
19:27:22,12.07,0.001,6786.137 
19:27:29,12.091,0.003,20358.411 
19:27:36,12.119,0.004,27144.548 
19:27:41,12.124,0.001,6786.137 
19:27:48,12.131,0.001,6786.137 
19:27:53,12.151,0.004,27144.548 
19:28:00,12.158,0.001,6786.137 
19:28:07,12.144,-0.002,-13572.274 
19:28:12,12.149,0.001,6786.137 
19:28:18,12.173,0.004,27144.548 
19:28:25,12.187,0.002,13572.274 
19:28:31,12.193,0.001,6786.137 
19:28:36,12.203,0.002,13572.274 
19:28:41,12.208,0.001,6786.137 
19:28:46,12.193,-0.003,-20358.411 
19:28:52,12.217,0.004,27144.548 
19:28:58,12.223,0.001,6786.137 
19:29:03,12.233,0.002,13572.274 
19:29:08,12.258,0.005,33930.685 
19:29:14,12.264,0.001,6786.137 
19:29:21,12.271,0.001,6786.137 
19:29:27,12.277,0.001,6786.137 
19:29:32,12.297,0.004,27144.548 
19:29:38,12.303,0.001,6786.137 
19:29:43,12.308,0.001,6786.137 
19:29:49,12.296,-0.002,-13572.274 
19:29:54,12.316,0.004,27144.548 
19:29:59,12.321,0.001,6786.137 
19:30:06,12.335,0.002,13572.274 
19:30:12,12.329,-0.001,-6786.137 
19:30:17,12.324,-0.001,-6786.137 
19:30:22,12.329,0.001,6786.137 
19:30:29,12.336,0.001,6786.137 
19:30:36,12.343,0.001,6786.137 
19:30:41,12.348,0.001,6786.137 
19:30:48,12.334,-0.002,-13572.274 
19:30:54,12.34,0.001,6786.137 
19:31:01,12.347,0.001,6786.137 
19:31:08,12.354,0.001,6786.137 
19:31:14,12.36,0.001,6786.137 
19:31:20,12.366,0.001,6786.137 
19:31:26,12.396,0.005,33930.685 
19:31:31,12.391,-0.001,-6786.137 
19:31:37,12.373,-0.003,-20358.411 
19:31:43,12.379,0.001,6786.137 
19:31:48,12.389,0.002,13572.274 
19:31:53,12.384,-0.001,-6786.137 
19:31:58,12.404,0.004,27144.548 
19:32:03,12.409,0.001,6786.137 
19:32:10,12.388,-0.003,-20358.411 
19:32:16,12.406,0.003,20358.411 
19:32:22,12.424,0.003,20358.411 
19:32:28,12.43,0.001,6786.137 
19:32:35,12.437,0.001,6786.137 
19:32:42,12.458,0.003,20358.411 
19:32:49,12.465,0.001,6786.137 
19:32:54,12.47,0.001,6786.137 
19:33:01,12.477,0.001,6786.137 
19:33:08,12.484,0.001,6786.137 
19:33:14,12.478,-0.001,-6786.137 
19:33:20,12.508,0.005,33930.685 
19:33:27,12.515,0.001,6786.137 
19:33:33,12.521,0.001,6786.137 
19:33:38,12.541,0.004,27144.548 
19:33:44,12.547,0.001,6786.137 
19:33:50,12.529,-0.003,-20358.411 
19:33:57,12.515,-0.002,-13572.274 
19:34:02,12.52,0.001,6786.137 
19:34:07,12.515,-0.001,-6786.137 
19:34:13,12.539,0.004,27144.548 
19:34:19,12.563,0.004,27144.548 
19:34:25,12.551,-0.002,-13572.274 
19:34:30,12.556,0.001,6786.137 
19:34:36,12.562,0.001,6786.137 
19:34:41,12.567,0.001,6786.137 
19:34:48,12.574,0.001,6786.137 
19:34:54,12.58,0.001,6786.137 
19:35:00,12.562,-0.003,-20358.411 
19:35:05,12.567,0.001,6786.137 
19:35:11,12.573,0.001,6786.137 
19:35:17,12.579,0.001,6786.137 
19:35:23,12.585,0.001,6786.137 
19:35:28,12.59,0.001,6786.137 
19:35:35,12.625,0.005,33930.685 
19:35:41,12.613,-0.002,-13572.274 
19:35:47,12.631,0.003,20358.411 
19:35:53,12.613,-0.003,-20358.411 
19:35:58,12.618,0.001,6786.137 
19:36:03,12.628,0.002,13572.274 
19:36:09,12.634,0.001,6786.137 
19:36:16,12.62,-0.002,-13572.274 
19:36:21,12.625,0.001,6786.137 
19:36:28,12.632,0.001,6786.137 
19:36:33,12.637,0.001,6786.137 
19:36:40,12.644,0.001,6786.137 
19:36:47,12.665,0.003,20358.411 
19:36:53,12.671,0.001,6786.137 
19:36:58,12.656,-0.003,-20358.411 
19:37:05,12.635,-0.003,-20358.411 
19:37:10,12.64,0.001,6786.137 
19:37:15,12.665,0.005,33930.685 
19:37:20,12.66,-0.001,-6786.137 
19:37:25,12.675,0.003,20358.411 
19:37:30,12.685,0.002,13572.274 
19:37:36,12.691,0.001,6786.137 
19:37:43,12.698,0.001,6786.137 
19:37:49,12.704,0.001,6786.137 
19:37:56,12.711,0.001,6786.137 
19:38:01,12.716,0.001,6786.137 
19:38:08,12.737,0.003,20358.411 
19:38:13,12.747,0.002,13572.274 
19:38:18,12.742,-0.001,-6786.137 
19:38:25,12.763,0.003,20358.411 
19:38:30,12.748,-0.003,-20358.411 
19:38:36,12.736,-0.002,-13572.274 
19:38:42,12.742,0.001,6786.137 
19:38:47,12.757,0.003,20358.411 
19:38:53,12.763,0.001,6786.137 
19:38:59,12.769,0.001,6786.137 
19:39:04,12.754,-0.003,-20358.411 
19:39:11,12.733,-0.003,-20358.411 
19:39:16,12.738,0.001,6786.137 
19:39:21,12.743,0.001,6786.137 
19:39:26,12.763,0.004,27144.548 
19:39:31,12.748,-0.003,-20358.411 
19:39:36,12.758,0.002,13572.274 
19:39:43,12.793,0.005,33930.685 
19:39:50,12.8,0.001,6786.137 
19:39:55,12.81,0.002,13572.274 
19:40:01,12.816,0.001,6786.137 
19:40:06,12.821,0.001,6786.137 
19:40:11,12.826,0.001,6786.137 
19:40:16,12.831,0.001,6786.137 
19:40:23,12.859,0.004,27144.548 
19:40:28,12.849,-0.002,-13572.274 
19:40:35,12.884,0.005,33930.685 
19:40:42,12.898,0.002,13572.274 
19:40:49,12.905,0.001,6786.137 
19:40:54,12.91,0.001,6786.137 
19:41:00,12.94,0.005,33930.685 
19:41:05,12.925,-0.003,-20358.411 
19:41:12,12.932,0.001,6786.137 
19:41:17,12.952,0.004,27144.548 
19:41:22,12.957,0.001,6786.137 
19:41:27,12.942,-0.003,-20358.411 
19:41:33,12.948,0.001,6786.137 
19:41:38,12.953,0.001,6786.137 
19:41:45,12.946,-0.001,-6786.137 
19:41:51,12.964,0.003,20358.411 
19:41:57,12.994,0.005,33930.685 
19:42:02,12.999,0.001,6786.137 
19:42:08,13.005,0.001,6786.137 
19:42:13,13.015,0.002,13572.274 
19:42:18,13.02,0.001,6786.137 
19:42:25,13.013,-0.001,-6786.137 
19:42:31,13.019,0.001,6786.137 
19:42:37,13.025,0.001,6786.137 
19:42:43,13.031,0.001,6786.137 
19:42:48,13.036,0.001,6786.137 
19:42:54,13.06,0.004,27144.548 
19:43:01,13.067,0.001,6786.137 
19:43:07,13.073,0.001,6786.137 
19:43:14,13.108,0.005,33930.685 
19:43:21,13.115,0.001,6786.137 
19:43:26,13.12,0.001,6786.137 
19:43:32,13.138,0.003,20358.411 
19:43:37,13.133,-0.001,-6786.137 
19:43:43,13.151,0.003,20358.411 
19:43:48,13.171,0.004,27144.548 
19:43:55,13.185,0.002,13572.274 
19:44:01,13.215,0.005,33930.685 
19:44:06,13.24,0.005,33930.685 
19:44:11,13.255,0.003,20358.411 
19:44:16,13.265,0.002,13572.274 
19:44:21,13.27,0.001,6786.137 
19:44:26,13.28,0.002,13572.274 
19:44:32,13.304,0.004,27144.548 
19:44:37,13.309,0.001,6786.137 
19:44:43,13.315,0.001,6786.137 
19:44:48,13.325,0.002,13572.274 
19:44:55,13.332,0.001,6786.137 
19:45:00,13.337,0.001,6786.137 
19:45:06,13.361,0.004,27144.548 
19:45:11,13.351,-0.002,-13572.274 
19:45:18,13.33,-0.003,-20358.411 
19:45:24,13.336,0.001,6786.137 
19:45:29,13.341,0.001,6786.137 
19:45:35,13.329,-0.002,-13572.274 
19:45:42,13.336,0.001,6786.137 
19:45:47,13.346,0.002,13572.274 
19:45:52,13.331,-0.003,-20358.411 
19:45:57,13.346,0.003,20358.411 
19:46:02,13.361,0.003,20358.411 
19:46:08,13.367,0.001,6786.137 
19:46:14,13.397,0.005,33930.685 
19:46:19,13.387,-0.002,-13572.274 
19:46:24,13.402,0.003,20358.411 
19:46:31,13.395,-0.001,-6786.137 
19:46:38,13.402,0.001,6786.137 
19:46:45,13.409,0.001,6786.137 
19:46:50,13.414,0.001,6786.137 
19:46:55,13.429,0.003,20358.411 
19:47:00,13.434,0.001,6786.137 
19:47:07,13.441,0.001,6786.137 
19:47:13,13.423,-0.003,-20358.411 
19:47:18,13.413,-0.002,-13572.274 
19:47:23,13.408,-0.001,-6786.137 
19:47:29,13.414,0.001,6786.137 
19:47:34,13.434,0.004,27144.548 
19:47:40,13.44,0.001,6786.137 
19:47:47,13.447,0.001,6786.137 
19:47:54,13.454,0.001,6786.137 
19:47:59,13.449,-0.001,-6786.137 
19:48:05,13.443,-0.001,-6786.137 
19:48:11,13.449,0.001,6786.137 
19:48:16,13.444,-0.001,-6786.137 
19:48:21,13.449,0.001,6786.137 
19:48:27,13.437,-0.002,-13572.274 
19:48:33,13.443,0.001,6786.137 
19:48:38,13.448,0.001,6786.137 
19:48:44,13.454,0.001,6786.137 
19:48:50,13.46,0.001,6786.137 
19:48:55,13.485,0.005,33930.685 
19:49:00,13.49,0.001,6786.137 
19:49:05,13.495,0.001,6786.137 
19:49:11,13.513,0.003,20358.411 
19:49:16,13.518,0.001,6786.137 
19:49:23,13.546,0.004,27144.548 
19:49:30,13.567,0.003,20358.411 
19:49:35,13.572,0.001,6786.137 
19:49:40,13.592,0.004,27144.548 
19:49:47,13.627,0.005,33930.685 
19:49:53,13.633,0.001,6786.137 
19:49:59,13.651,0.003,20358.411 
19:50:06,13.637,-0.002,-13572.274 
19:50:11,13.622,-0.003,-20358.411 
19:50:16,13.612,-0.002,-13572.274 
19:50:23,13.619,0.001,6786.137 
19:50:28,13.624,0.001,6786.137 
19:50:34,13.612,-0.002,-13572.274 
19:50:41,13.619,0.001,6786.137 
19:50:48,13.654,0.005,33930.685 
19:50:54,13.636,-0.003,-20358.411 
19:51:00,13.618,-0.003,-20358.411 
19:51:05,13.633,0.003,20358.411 
19:51:12,13.619,-0.002,-13572.274 
19:51:18,13.643,0.004,27144.548 
19:51:24,13.649,0.001,6786.137 
19:51:30,13.679,0.005,33930.685 
19:51:35,13.684,0.001,6786.137 
19:51:40,13.689,0.001,6786.137 
19:51:46,13.701,0.002,13572.274 
19:51:51,13.706,0.001,6786.137 
19:51:56,13.721,0.003,20358.411 
19:52:01,13.746,0.005,33930.685 
19:52:06,13.736,-0.002,-13572.274 
19:52:11,13.761,0.005,33930.685 
19:52:18,13.768,0.001,6786.137 
19:52:24,13.774,0.001,6786.137 
19:52:31,13.781,0.001,6786.137 
19:52:38,13.788,0.001,6786.137 
19:52:44,13.794,0.001,6786.137 
19:52:50,13.806,0.002,13572.274 
19:52:55,13.811,0.001,6786.137 
19:53:00,13.816,0.001,6786.137 
19:53:05,13.841,0.005,33930.685 
19:53:11,13.829,-0.002,-13572.274 
19:53:17,13.835,0.001,6786.137 
19:53:23,13.865,0.005,33930.685 
19:53:28,13.87,0.001,6786.137 
19:53:34,13.9,0.005,33930.685 
19:53:39,13.925,0.005,33930.685 
19:53:44,13.93,0.001,6786.137 
19:53:50,13.96,0.005,33930.685 
19:53:55,13.965,0.001,6786.137 
19:54:00,13.97,0.001,6786.137 
19:54:06,13.994,0.004,27144.548 
19:54:11,14.019,0.005,33930.685 
19:54:17,14.043,0.004,27144.548 
19:54:22,14.048,0.001,6786.137 
19:54:27,14.053,0.001,6786.137 
19:54:32,14.058,0.001,6786.137 
19:54:37,14.083,0.005,33930.685 
19:54:44,14.09,0.001,6786.137 
19:54:50,14.084,-0.001,-6786.137 
19:54:56,14.096,0.002,13572.274 
19:55:03,14.075,-0.003,-20358.411 
19:55:10,14.089,0.002,13572.274 
19:55:15,14.094,0.001,6786.137 
19:55:22,14.101,0.001,6786.137 
19:55:27,14.106,0.001,6786.137 
19:55:34,14.113,0.001,6786.137 
19:55:39,14.118,0.001,6786.137 
19:55:45,14.112,-0.001,-6786.137 
19:55:50,14.137,0.005,33930.685 
19:55:56,14.143,0.001,6786.137 
19:56:01,14.148,0.001,6786.137 
19:56:06,14.153,0.001,6786.137 
19:56:11,14.158,0.001,6786.137 
19:56:16,14.173,0.003,20358.411 
19:56:22,14.179,0.001,6786.137 
19:56:29,14.186,0.001,6786.137 
19:56:35,14.192,0.001,6786.137 
19:56:40,14.197,0.001,6786.137 
19:56:45,14.187,-0.002,-13572.274 
19:56:50,14.192,0.001,6786.137 
19:56:56,14.186,-0.001,-6786.137 
19:57:01,14.191,0.001,6786.137 
19:57:06,14.196,0.001,6786.137 
19:57:11,14.201,0.001,6786.137 
19:57:16,14.206,0.001,6786.137 
19:57:22,14.218,0.002,13572.274 
19:57:28,14.212,-0.001,-6786.137 
19:57:34,14.218,0.001,6786.137 
19:57:39,14.228,0.002,13572.274 
19:57:44,14.238,0.002,13572.274 
19:57:50,14.262,0.004,27144.548 
19:57:56,14.268,0.001,6786.137 
19:58:01,14.278,0.002,13572.274 
19:58:06,14.283,0.001,6786.137 
19:58:12,14.289,0.001,6786.137 
19:58:17,14.279,-0.002,-13572.274 
19:58:24,14.265,-0.002,-13572.274 
19:58:30,14.271,0.001,6786.137 
19:58:35,14.291,0.004,27144.548 
19:58:41,14.297,0.001,6786.137 
19:58:48,14.304,0.001,6786.137 
19:58:53,14.329,0.005,33930.685 
19:58:59,14.317,-0.002,-13572.274 
19:59:04,14.322,0.001,6786.137 
19:59:10,14.328,0.001,6786.137 
19:59:16,14.316,-0.002,-13572.274 
19:59:23,14.323,0.001,6786.137 
19:59:28,14.338,0.003,20358.411 
19:59:33,14.343,0.001,6786.137 
19:59:39,14.349,0.001,6786.137 
19:59:44,14.334,-0.003,-20358.411 
19:59:50,14.316,-0.003,-20358.411 
19:59:56,14.322,0.001,6786.137 
20:00:01,14.332,0.002,13572.274 
20:00:07,14.32,-0.002,-13572.274 
20:00:14,14.327,0.001,6786.137 
20:00:20,14.309,-0.003,-20358.411 
20:00:27,14.295,-0.002,-13572.274 
20:00:33,14.313,0.003,20358.411 
20:00:39,14.337,0.004,27144.548 
20:00:46,14.33,-0.001,-6786.137 
20:00:51,14.345,0.003,20358.411 
20:00:58,14.366,0.003,20358.411 
20:01:05,14.345,-0.003,-20358.411 
20:01:10,14.33,-0.003,-20358.411 
20:01:15,14.335,0.001,6786.137 
20:01:21,14.359,0.004,27144.548 
20:01:28,14.387,0.004,27144.548 
20:01:34,14.417,0.005,33930.685 
20:01:41,14.424,0.001,6786.137 
20:01:48,14.431,0.001,6786.137 
20:01:53,14.456,0.005,33930.685 
20:02:00,14.463,0.001,6786.137 
20:02:05,14.468,0.001,6786.137 
20:02:12,14.496,0.004,27144.548 
20:02:18,14.502,0.001,6786.137 
20:02:24,14.508,0.001,6786.137 
20:02:29,14.513,0.001,6786.137 
20:02:34,14.538,0.005,33930.685 
20:02:40,14.544,0.001,6786.137 
20:02:45,14.549,0.001,6786.137 
20:02:50,14.559,0.002,13572.274 
20:02:56,14.565,0.001,6786.137 
20:03:01,14.57,0.001,6786.137 
20:03:07,14.582,0.002,13572.274 
20:03:12,14.592,0.002,13572.274 
20:03:19,14.571,-0.003,-20358.411 
20:03:24,14.576,0.001,6786.137 
20:03:29,14.581,0.001,6786.137 
20:03:34,14.586,0.001,6786.137 
20:03:40,14.598,0.002,13572.274 
20:03:47,14.605,0.001,6786.137 
20:03:53,14.611,0.001,6786.137 
20:03:59,14.629,0.003,20358.411 
20:04:05,14.659,0.005,33930.685 
20:04:11,14.665,0.001,6786.137 
20:04:16,14.67,0.001,6786.137 
20:04:23,14.663,-0.001,-6786.137 
20:04:29,14.681,0.003,20358.411 
20:04:35,14.675,-0.001,-6786.137 
20:04:40,14.695,0.004,27144.548 
20:04:47,14.709,0.002,13572.274 
20:04:54,14.744,0.005,33930.685 
20:05:01,14.751,0.001,6786.137 
20:05:06,14.761,0.002,13572.274 
20:05:11,14.756,-0.001,-6786.137 
20:05:16,14.761,0.001,6786.137 
20:05:22,14.767,0.001,6786.137 
20:05:28,14.785,0.003,20358.411 
20:05:34,14.791,0.001,6786.137 
20:05:40,14.797,0.001,6786.137 
20:05:46,14.803,0.001,6786.137 
20:05:51,14.788,-0.003,-20358.411 
20:05:56,14.793,0.001,6786.137 
20:06:02,14.799,0.001,6786.137 
20:06:08,14.805,0.001,6786.137 
20:06:14,14.817,0.002,13572.274 
20:06:19,14.807,-0.002,-13572.274 
20:06:24,14.832,0.005,33930.685 
20:06:31,14.818,-0.002,-13572.274 
20:06:38,14.825,0.001,6786.137 
20:06:43,14.83,0.001,6786.137 
20:06:49,14.86,0.005,33930.685 
20:06:56,14.867,0.001,6786.137 
20:07:03,14.902,0.005,33930.685 
20:07:10,14.909,0.001,6786.137 
20:07:15,14.929,0.004,27144.548 
20:07:22,14.95,0.003,20358.411 
20:07:29,14.957,0.001,6786.137 
20:07:36,14.964,0.001,6786.137 
20:07:42,14.97,0.001,6786.137 
20:07:48,14.994,0.004,27144.548 
20:07:53,15.004,0.002,13572.274 
20:07:58,15.024,0.004,27144.548 
20:08:05,15.031,0.001,6786.137 
20:08:11,15.061,0.005,33930.685 
20:08:17,15.043,-0.003,-20358.411 
20:08:23,15.073,0.005,33930.685 
20:08:29,15.079,0.001,6786.137 
20:08:35,15.091,0.002,13572.274 
20:08:41,15.097,0.001,6786.137 
20:08:46,15.102,0.001,6786.137 
20:08:51,15.107,0.001,6786.137 
20:08:56,15.112,0.001,6786.137 
20:09:02,15.124,0.002,13572.274 
20:09:08,15.13,0.001,6786.137 
20:09:14,15.136,0.001,6786.137 
20:09:19,15.141,0.001,6786.137 
20:09:25,15.147,0.001,6786.137 
20:09:32,15.154,0.001,6786.137 
20:09:39,15.161,0.001,6786.137 
20:09:44,15.176,0.003,20358.411 
20:09:49,15.181,0.001,6786.137 
20:09:56,15.188,0.001,6786.137 
20:10:03,15.167,-0.003,-20358.411 
20:10:09,15.197,0.005,33930.685 
20:10:14,15.217,0.004,27144.548 
20:10:21,15.224,0.001,6786.137 
20:10:26,15.229,0.001,6786.137 
20:10:31,15.254,0.005,33930.685 
20:10:36,15.259,0.001,6786.137 
20:10:43,15.245,-0.002,-13572.274 
20:10:49,15.251,0.001,6786.137 
20:10:54,15.241,-0.002,-13572.274 
20:11:01,15.248,0.001,6786.137 
20:11:07,15.254,0.001,6786.137 
20:11:14,15.268,0.002,13572.274 
20:11:21,15.275,0.001,6786.137 
20:11:27,15.263,-0.002,-13572.274 
20:11:34,15.27,0.001,6786.137 
20:11:40,15.276,0.001,6786.137 
20:11:47,15.297,0.003,20358.411 
20:11:52,15.307,0.002,13572.274 
20:11:59,15.314,0.001,6786.137 
20:12:04,15.319,0.001,6786.137 
20:12:10,15.337,0.003,20358.411 
